id,email,name,password,join_date,reputation,bio,banned,expert,profile_photo
1,jsanja0@nsw.gov.au,Jesse Sanja,ohLSc0n,3/13/2021,544,"My name is Jesse Sanja, I am 33 years old and I live in Osh, Kyrgyzstan. I'm interested in Android Settings, Keras, Photo Editing and Data",FALSE,TRUE,1
2,mlambarton1@state.tx.us,Mackenzie Lambarton,qb9wTemoJz,3/14/2021,769,"My name is Mackenzie Lambarton, I am 31 years old and I live in Bắc Giang, Vietnam. I'm interested in Photo",FALSE,TRUE,2
3,talbery2@nydailynews.com,Townsend Albery,EFsz9T,11/23/2020,11,"My name is Townsend Albery, I am 37 years old and I live in Raghunathpur, India. I'm interested in PyCharm, Eclipse and Mac",FALSE,FALSE,3
4,cebsworth3@rambler.ru,Cassius Ebsworth,wXVrysGQMDzI,10/27/2020,705,"My name is Cassius Ebsworth, I am 51 years old and I live in Ambājogāi, India. I'm interested in Keyboard",FALSE,TRUE,4
5,cmoore4@amazonaws.com,Cross Moore,AxUsJgBEn2Ho,5/27/2020,978,"My name is Cross Moore, I am 31 years old and I live in Kundiān, Pakistan. I'm interested in CMD, CMD, Linux and Angular",FALSE,TRUE,5
6,lwooder5@msu.edu,Lazarus Wooder,5s4jTtiaIF,12/23/2020,660,"My name is Lazarus Wooder, I am 25 years old and I live in Paradise, Trinidad and Tobago. I'm interested in XML, Excel, Security and Xiamoi",TRUE,TRUE,6
7,lbrashier6@eepurl.com,Luce Brashier,rAg8du5by1,2/9/2021,847,"My name is Luce Brashier, I am 18 years old and I live in Nagqu, China. I'm interested in Photo Editing, DOM, CMD and Regex",FALSE,TRUE,7
8,bfolshom7@squarespace.com,Bess Folshom,voYYQCTAwkfD,7/5/2020,510,"My name is Bess Folshom, I am 57 years old and I live in Dobryanka, Russia. I'm interested in Eclipse and HP",FALSE,TRUE,8
9,srugg8@bigcartel.com,Shaylynn Rugg,oz6pj9FVuRS,5/12/2020,510,"My name is Shaylynn Rugg, I am 32 years old and I live in Västervik, Sweden. I'm interested in XML and Cloud",FALSE,TRUE,9
10,byates9@blogs.com,Babita Yates,uwIj0udAAh1T,11/30/2020,303,"My name is Babita Yates, I am 25 years old and I live in Chilakalūrupet, India. I'm interested in Web Applications, Algorithms, Circle CI and PlayStation",FALSE,TRUE,10
11,fcastagnea@berkeley.edu,Florella Castagne,tCJNfDHPDqLC,11/28/2020,668,"My name is Florella Castagne, I am 34 years old and I live in Hanawa, Japan. I'm interested in Keyboard and Samsung",FALSE,TRUE,11
12,bclaringboldb@utexas.edu,Boony Claringbold,4BAsdPSQTSq2,9/23/2020,544,"My name is Boony Claringbold, I am 57 years old and I live in ’Aïn el Turk, Algeria. I'm interested in Google Drive and PHP",FALSE,TRUE,12
13,hbetancourtc@altervista.org,Hakeem Betancourt,4KdRnq0P,8/10/2020,759,"My name is Hakeem Betancourt, I am 43 years old and I live in Forlì, Italy. I'm interested in Mouse",FALSE,TRUE,13
14,sfitterd@instagram.com,Stanleigh Fitter,0DuTgKXLfNz,7/17/2020,853,"My name is Stanleigh Fitter, I am 47 years old and I live in Oria, Spain. I'm interested in PHP",FALSE,TRUE,14
15,alikelye@goo.gl,Adelbert Likely,eBc1GGJjr,2/7/2021,921,"My name is Adelbert Likely, I am 52 years old and I live in Harburg, Germany. I'm interested in Web Scraping, Apache and XML",FALSE,TRUE,15
16,oapperleyf@msu.edu,Olivier Apperley,olm9AJQ6,8/1/2020,207,"My name is Olivier Apperley, I am 59 years old and I live in Kōnosu, Japan. I'm interested in Cloud and SQL",TRUE,TRUE,16
17,icasierg@cnbc.com,Inez Casier,q0xxlN,6/26/2020,847,"My name is Inez Casier, I am 21 years old and I live in Burg Unter-Falkenstein, Germany. I'm interested in Eclipse",FALSE,TRUE,17
18,cpatshullh@sciencedaily.com,Chrysa Patshull,lrhgX7t7W0IX,3/12/2021,524,"My name is Chrysa Patshull, I am 19 years old and I live in Nabatîyé et Tahta, Lebanon. I'm interested in Oracle and C#",FALSE,TRUE,18
19,cgasperoi@ehow.com,Casandra Gaspero,Gt1bU5IgcQvg,3/12/2021,283,"My name is Casandra Gaspero, I am 44 years old and I live in Shāhpura, India. I'm interested in Regex",FALSE,TRUE,19
20,paulocarvalho6@youtu.be,Paulo Carvalho,PsQoQaZn,4/23/2020,652,"My name is Paulo Carvalho, I am 34 years old and I live in Funchal, Portugal. I'm interested in Data Science and PyCharm",FALSE,TRUE,20
