id,main,creation_date,modification_date,author_id
1,eu est congue elementum in hac habitasse platea dictumst morbi,2020-09-21 00:43:09,2020-08-22 22:58:40,9
2,non pretium quis lectus suspendisse potenti in eleifend quam a odio in hac habitasse platea dictumst maecenas ut,2020-11-24 11:25:27,2021-01-26 04:52:40,49
3,morbi vestibulum velit id pretium iaculis diam erat fermentum justo nec condimentum neque sapien placerat ante nulla justo,2020-03-25 12:32:54,2021-01-07 00:43:23,9
4,vulputate nonummy maecenas tincidunt lacus at velit vivamus vel nulla eget eros elementum,2020-04-25 14:16:27,2021-02-05 05:27:40,50
5,posuere cubilia curae donec pharetra magna vestibulum aliquet ultrices erat tortor sollicitudin mi sit amet lobortis sapien sapien non,2020-04-07 02:13:56,2020-05-31 08:52:58,13
6,dolor vel est donec odio justo sollicitudin ut suscipit a feugiat,2020-11-13 18:21:51,2020-03-29 19:15:32,13
7,mauris vulputate elementum nullam varius nulla facilisi cras non velit nec nisi vulputate nonummy maecenas tincidunt,2020-10-23 08:01:33,2020-03-23 14:29:55,49
8,maecenas leo odio condimentum id luctus nec molestie sed justo pellentesque viverra pede ac diam cras,2020-05-22 01:17:30,2020-08-30 13:17:32,39
9,feugiat non pretium quis lectus suspendisse potenti in eleifend quam a odio in hac habitasse platea,2020-02-20 10:09:22,2020-08-07 13:07:38,27
10,neque vestibulum eget vulputate ut ultrices vel augue vestibulum ante ipsum,2020-07-19 13:57:44,2020-05-10 03:23:47,45
11,convallis nunc proin at turpis a pede posuere nonummy integer non velit donec diam,2020-09-26 04:56:01,2020-03-26 17:36:20,49
12,commodo vulputate justo in blandit ultrices enim lorem ipsum dolor sit amet consectetuer adipiscing elit proin interdum mauris,2020-03-19 17:15:43,2020-11-01 03:14:18,6
13,eu interdum eu tincidunt in leo maecenas pulvinar lobortis est phasellus sit amet erat nulla,2020-08-11 11:45:36,2020-06-04 22:51:15,42
14,id turpis integer aliquet massa id lobortis convallis tortor risus dapibus augue vel accumsan,2020-02-20 04:04:02,2021-01-18 01:26:39,44
15,orci pede venenatis non sodales sed tincidunt eu felis fusce posuere felis sed,2020-02-22 01:55:19,2020-05-08 05:26:13,12
16,habitasse platea dictumst morbi vestibulum velit id pretium iaculis diam erat fermentum justo nec condimentum neque sapien,2020-12-11 08:28:45,2020-07-28 13:23:10,22
17,lectus in quam fringilla rhoncus mauris enim leo rhoncus sed vestibulum sit amet cursus id turpis integer aliquet massa,2020-04-19 10:27:12,2020-05-25 11:22:17,2
18,nascetur ridiculus mus etiam vel augue vestibulum rutrum rutrum neque aenean auctor,2020-05-18 00:26:20,2020-09-21 02:51:39,19
19,ac enim in tempor turpis nec euismod scelerisque quam turpis adipiscing lorem vitae mattis nibh ligula,2020-07-02 18:53:49,2020-06-01 17:09:05,50
20,leo pellentesque ultrices mattis odio donec vitae nisi nam ultrices libero non,2020-11-12 07:37:54,2020-07-11 23:49:48,13
21,bibendum imperdiet nullam orci pede venenatis non sodales sed tincidunt eu felis fusce posuere felis sed lacus,2020-07-14 00:38:59,2020-06-23 10:27:10,16
22,nibh in lectus pellentesque at nulla suspendisse potenti cras in purus eu,2021-01-02 14:39:45,2021-01-11 22:14:50,19
23,potenti in eleifend quam a odio in hac habitasse platea dictumst maecenas ut massa quis,2020-12-02 21:35:37,2021-02-23 03:17:04,3
24,vel lectus in quam fringilla rhoncus mauris enim leo rhoncus sed vestibulum sit,2020-07-01 21:32:50,2020-05-09 15:31:29,2
25,varius integer ac leo pellentesque ultrices mattis odio donec vitae nisi,2020-12-03 04:46:46,2020-10-26 07:57:38,44
26,in purus eu magna vulputate luctus cum sociis natoque penatibus et magnis dis,2020-04-07 22:17:53,2020-12-22 10:20:21,18
27,felis sed lacus morbi sem mauris laoreet ut rhoncus aliquet pulvinar sed nisl nunc rhoncus dui vel,2021-01-22 12:13:25,2020-06-30 14:32:56,13
28,diam id ornare imperdiet sapien urna pretium nisl ut volutpat sapien arcu sed augue,2020-07-10 18:28:38,2021-01-21 19:33:11,39
29,egestas metus aenean fermentum donec ut mauris eget massa tempor convallis nulla,2020-08-19 11:25:14,2021-03-03 12:29:04,23
30,nulla tellus in sagittis dui vel nisl duis ac nibh fusce lacus purus aliquet at feugiat non,2020-07-16 13:58:10,2020-06-25 15:48:19,30
31,odio odio elementum eu interdum eu tincidunt in leo maecenas pulvinar,2020-08-22 16:09:39,2020-09-22 18:53:31,39
32,tellus nisi eu orci mauris lacinia sapien quis libero nullam sit amet,2020-06-05 19:02:39,2021-03-23 08:54:56,10
33,commodo vulputate justo in blandit ultrices enim lorem ipsum dolor,2020-06-30 23:42:49,2020-12-04 12:47:25,35
34,nisl venenatis lacinia aenean sit amet justo morbi ut odio cras,2020-10-11 18:34:23,2020-04-21 12:31:49,19
35,felis ut at dolor quis odio consequat varius integer ac leo pellentesque ultrices mattis odio donec,2020-10-31 00:14:56,2021-03-16 03:48:39,15
36,eu felis fusce posuere felis sed lacus morbi sem mauris laoreet ut rhoncus aliquet pulvinar,2020-11-06 19:18:17,2020-08-05 11:29:43,45
37,adipiscing lorem vitae mattis nibh ligula nec sem duis aliquam convallis nunc proin at turpis a pede,2020-12-22 18:23:07,2020-08-06 04:10:56,8
38,dolor morbi vel lectus in quam fringilla rhoncus mauris enim leo rhoncus sed vestibulum sit,2020-02-19 09:30:52,2020-09-28 00:49:10,24
39,platea dictumst morbi vestibulum velit id pretium iaculis diam erat fermentum justo nec condimentum neque sapien placerat ante,2020-07-06 17:33:00,2020-05-22 05:53:41,34
40,duis faucibus accumsan odio curabitur convallis duis consequat dui nec nisi volutpat eleifend donec ut dolor,2020-11-02 09:29:31,2020-12-16 18:51:43,7
41,in hac habitasse platea dictumst maecenas ut massa quis augue luctus tincidunt nulla mollis molestie,2021-03-02 10:26:04,2021-02-04 03:18:21,19
42,faucibus orci luctus et ultrices posuere cubilia curae mauris viverra diam vitae quam suspendisse potenti,2020-03-18 02:10:33,2020-08-24 15:40:22,26
43,gravida nisi at nibh in hac habitasse platea dictumst aliquam,2021-02-05 21:31:48,2021-03-01 03:19:15,48
44,congue eget semper rutrum nulla nunc purus phasellus in felis,2020-09-02 16:12:19,2020-06-19 22:59:36,27
45,vehicula consequat morbi a ipsum integer a nibh in quis justo maecenas rhoncus aliquam,2020-12-22 05:48:27,2020-09-10 02:22:08,24
46,vestibulum ante ipsum primis in faucibus orci luctus et ultrices posuere,2021-01-22 01:35:05,2020-05-17 15:37:01,47
47,platea dictumst morbi vestibulum velit id pretium iaculis diam erat fermentum,2020-07-21 08:02:25,2021-02-04 08:47:21,38
48,nec condimentum neque sapien placerat ante nulla justo aliquam quis turpis,2020-07-19 07:28:47,2020-06-09 01:13:55,32
49,nunc proin at turpis a pede posuere nonummy integer non velit donec diam neque vestibulum eget vulputate ut ultrices vel,2020-04-30 05:10:27,2020-11-30 01:03:07,30
50,turpis eget elit sodales scelerisque mauris sit amet eros suspendisse accumsan tortor quis turpis sed ante vivamus,2020-02-01 10:16:38,2021-01-13 20:25:06,18
51,luctus et ultrices posuere cubilia curae duis faucibus accumsan odio curabitur convallis duis consequat dui nec nisi volutpat eleifend donec,2020-09-10 02:47:10,2020-06-01 04:54:37,43
52,viverra eget congue eget semper rutrum nulla nunc purus phasellus in felis donec semper sapien,2020-02-02 22:48:16,2020-04-20 12:31:02,44
53,nunc viverra dapibus nulla suscipit ligula in lacus curabitur at ipsum ac tellus semper interdum mauris ullamcorper,2020-06-16 14:09:13,2021-01-23 14:11:48,30
54,sit amet erat nulla tempus vivamus in felis eu sapien cursus vestibulum proin eu,2021-03-14 10:44:22,2020-10-04 04:30:50,36
55,sed tincidunt eu felis fusce posuere felis sed lacus morbi sem mauris laoreet ut rhoncus,2020-08-09 18:44:37,2020-06-08 14:05:10,33
56,nunc purus phasellus in felis donec semper sapien a libero nam dui proin leo odio porttitor,2020-10-23 17:14:46,2021-01-14 20:01:27,9
57,quam sapien varius ut blandit non interdum in ante vestibulum ante ipsum primis,2020-06-21 18:07:46,2020-12-13 16:46:28,40
58,nec euismod scelerisque quam turpis adipiscing lorem vitae mattis nibh ligula nec sem duis aliquam convallis nunc,2021-01-10 06:48:10,2021-02-15 00:13:52,33
59,semper interdum mauris ullamcorper purus sit amet nulla quisque arcu libero rutrum ac lobortis vel dapibus at,2020-07-22 01:08:14,2020-06-03 15:49:34,1
60,in blandit ultrices enim lorem ipsum dolor sit amet consectetuer adipiscing elit proin interdum,2020-03-14 19:35:02,2020-08-02 10:34:38,5
61,in consequat ut nulla sed accumsan felis ut at dolor quis odio consequat varius integer ac leo pellentesque ultrices,2021-02-03 07:45:52,2021-01-10 06:44:33,32
62,semper est quam pharetra magna ac consequat metus sapien ut nunc vestibulum ante ipsum primis in,2020-04-29 19:03:39,2020-08-15 22:31:03,1
63,erat eros viverra eget congue eget semper rutrum nulla nunc purus phasellus in felis donec,2020-02-17 18:42:22,2020-10-04 08:25:58,20
64,pede posuere nonummy integer non velit donec diam neque vestibulum,2021-02-25 14:13:46,2020-09-14 01:19:37,3
65,sit amet justo morbi ut odio cras mi pede malesuada,2020-10-02 19:32:26,2021-03-24 00:06:11,17
66,vestibulum vestibulum ante ipsum primis in faucibus orci luctus et ultrices posuere cubilia curae nulla dapibus dolor,2020-12-08 06:24:33,2020-07-31 23:00:46,19
67,dolor sit amet consectetuer adipiscing elit proin risus praesent lectus vestibulum quam,2020-03-06 22:36:23,2020-04-15 07:39:19,29
68,duis at velit eu est congue elementum in hac habitasse platea dictumst morbi vestibulum velit id pretium iaculis,2020-10-12 10:22:16,2020-04-01 22:17:15,20
69,viverra dapibus nulla suscipit ligula in lacus curabitur at ipsum,2021-02-01 04:52:43,2020-07-04 05:49:29,48
70,odio curabitur convallis duis consequat dui nec nisi volutpat eleifend donec ut dolor morbi vel lectus in,2020-10-06 06:44:26,2020-11-11 21:03:39,38
71,amet sem fusce consequat nulla nisl nunc nisl duis bibendum,2020-07-15 13:13:08,2020-04-08 20:54:55,25
72,sed nisl nunc rhoncus dui vel sem sed sagittis nam congue risus,2020-05-01 11:38:03,2020-05-06 12:26:41,24
73,vehicula condimentum curabitur in libero ut massa volutpat convallis morbi odio odio elementum eu,2020-06-13 20:24:10,2021-02-26 23:41:13,3
74,libero nam dui proin leo odio porttitor id consequat in consequat ut,2020-03-26 14:35:59,2020-12-13 00:14:50,22
75,vulputate luctus cum sociis natoque penatibus et magnis dis parturient montes nascetur ridiculus mus vivamus vestibulum sagittis sapien cum,2020-03-10 21:54:10,2020-03-25 04:18:07,28
76,amet diam in magna bibendum imperdiet nullam orci pede venenatis non sodales sed tincidunt eu felis fusce,2020-05-25 01:20:25,2020-05-13 18:18:15,8
77,aliquam lacus morbi quis tortor id nulla ultrices aliquet maecenas leo odio condimentum id luctus nec molestie sed,2020-11-18 10:29:32,2020-05-05 14:50:23,30
78,eget eleifend luctus ultricies eu nibh quisque id justo sit amet sapien dignissim vestibulum vestibulum ante ipsum primis in faucibus,2020-10-28 17:31:34,2020-10-16 11:46:35,8
79,nullam porttitor lacus at turpis donec posuere metus vitae ipsum aliquam non mauris morbi non,2021-03-13 07:03:24,2021-03-02 12:57:18,14
80,aliquet ultrices erat tortor sollicitudin mi sit amet lobortis sapien sapien non mi integer ac neque,2020-07-05 16:23:03,2020-11-13 22:59:57,48
81,quam fringilla rhoncus mauris enim leo rhoncus sed vestibulum sit amet cursus id turpis integer,2020-10-31 03:35:30,2020-11-27 14:40:25,35
82,lacinia eget tincidunt eget tempus vel pede morbi porttitor lorem id ligula suspendisse ornare consequat lectus in est,2020-05-27 22:26:12,2021-02-04 22:55:10,14
83,hac habitasse platea dictumst maecenas ut massa quis augue luctus tincidunt nulla,2020-11-15 00:32:49,2021-01-09 17:56:26,44
84,feugiat et eros vestibulum ac est lacinia nisi venenatis tristique fusce congue diam id ornare imperdiet sapien urna,2020-08-08 02:23:32,2020-04-15 05:56:45,25
85,sit amet eleifend pede libero quis orci nullam molestie nibh in lectus,2020-05-22 19:36:28,2020-10-01 19:16:11,34
86,ipsum aliquam non mauris morbi non lectus aliquam sit amet diam in magna,2020-10-30 23:55:31,2020-09-11 22:44:37,21
87,ut nulla sed accumsan felis ut at dolor quis odio consequat varius,2020-06-03 20:06:22,2020-11-29 19:54:30,14
88,sagittis sapien cum sociis natoque penatibus et magnis dis parturient montes nascetur,2021-03-14 17:54:44,2021-01-17 06:50:06,26
89,aliquet massa id lobortis convallis tortor risus dapibus augue vel accumsan tellus nisi eu orci mauris lacinia sapien,2020-06-06 01:49:05,2020-09-19 02:05:36,47
90,primis in faucibus orci luctus et ultrices posuere cubilia curae duis faucibus accumsan,2021-03-09 12:45:14,2021-02-20 00:14:03,25
91,varius ut blandit non interdum in ante vestibulum ante ipsum primis in,2020-12-15 18:48:17,2020-06-08 02:21:09,10
92,pulvinar nulla pede ullamcorper augue a suscipit nulla elit ac nulla sed vel enim sit amet nunc viverra dapibus nulla,2020-12-27 21:34:41,2020-11-19 21:10:02,33
93,non mattis pulvinar nulla pede ullamcorper augue a suscipit nulla elit ac nulla sed vel,2021-03-18 07:05:15,2020-09-29 09:17:03,45
94,integer tincidunt ante vel ipsum praesent blandit lacinia erat vestibulum sed magna,2020-11-08 18:56:40,2021-03-12 19:49:48,7
95,quis libero nullam sit amet turpis elementum ligula vehicula consequat morbi a ipsum integer a nibh in,2020-11-25 17:37:25,2020-09-25 19:30:16,45
96,quisque porta volutpat erat quisque erat eros viverra eget congue,2020-08-07 12:53:18,2020-09-12 20:54:23,14
97,pellentesque ultrices phasellus id sapien in sapien iaculis congue vivamus metus arcu adipiscing,2021-01-29 17:28:44,2020-05-12 10:30:29,11
98,vulputate nonummy maecenas tincidunt lacus at velit vivamus vel nulla,2021-01-04 18:17:17,2021-01-17 01:19:11,30
99,ante vel ipsum praesent blandit lacinia erat vestibulum sed magna at nunc commodo placerat praesent blandit nam nulla integer,2020-10-23 12:19:28,2020-09-19 05:09:45,5
100,luctus et ultrices posuere cubilia curae donec pharetra magna vestibulum aliquet ultrices erat tortor sollicitudin,2020-06-18 11:32:15,2021-03-10 00:28:00,7
101,tempus sit amet sem fusce consequat nulla nisl nunc nisl duis bibendum felis sed interdum,2021-03-17 23:47:53,2021-01-01 20:54:08,30
102,blandit nam nulla integer pede justo lacinia eget tincidunt eget tempus vel pede morbi,2020-12-12 21:18:16,2020-12-31 13:56:59,20
103,vestibulum rutrum rutrum neque aenean auctor gravida sem praesent id,2020-06-09 23:05:22,2020-12-20 02:08:35,46
104,magnis dis parturient montes nascetur ridiculus mus vivamus vestibulum sagittis sapien cum sociis natoque penatibus et magnis dis parturient montes,2020-08-25 23:01:31,2020-09-05 04:00:40,16
105,nec sem duis aliquam convallis nunc proin at turpis a pede posuere nonummy integer non velit donec,2020-10-05 10:41:57,2021-02-12 03:41:08,12
106,suspendisse accumsan tortor quis turpis sed ante vivamus tortor duis mattis,2020-06-26 18:12:22,2020-07-25 06:53:52,26
107,pellentesque at nulla suspendisse potenti cras in purus eu magna vulputate luctus cum sociis natoque penatibus et magnis dis,2020-07-23 00:21:11,2021-01-31 17:19:56,15
108,ante nulla justo aliquam quis turpis eget elit sodales scelerisque mauris sit amet eros suspendisse accumsan tortor,2020-04-20 18:18:50,2021-01-21 03:17:09,5
109,nisi venenatis tristique fusce congue diam id ornare imperdiet sapien urna pretium nisl ut volutpat sapien,2020-07-20 12:40:34,2020-10-14 17:30:23,9
110,nibh ligula nec sem duis aliquam convallis nunc proin at turpis a pede posuere nonummy,2020-08-24 18:12:46,2020-12-06 17:30:45,48
111,lacinia sapien quis libero nullam sit amet turpis elementum ligula vehicula consequat morbi a ipsum integer,2020-10-08 01:15:52,2020-09-27 21:03:41,24
112,id luctus nec molestie sed justo pellentesque viverra pede ac diam cras pellentesque volutpat dui maecenas,2020-10-28 14:06:28,2020-12-29 04:49:45,47
113,ipsum primis in faucibus orci luctus et ultrices posuere cubilia curae duis faucibus,2020-11-04 03:49:04,2020-04-27 19:25:01,16
114,lacinia nisi venenatis tristique fusce congue diam id ornare imperdiet sapien urna pretium nisl ut volutpat sapien arcu,2020-04-27 00:52:18,2020-08-08 09:48:38,42
115,elit sodales scelerisque mauris sit amet eros suspendisse accumsan tortor quis turpis sed ante vivamus tortor duis mattis,2020-09-25 10:05:21,2021-02-16 10:34:59,48
116,pede morbi porttitor lorem id ligula suspendisse ornare consequat lectus in,2020-05-22 03:08:51,2021-01-06 19:24:28,35
117,eros viverra eget congue eget semper rutrum nulla nunc purus phasellus in felis donec semper sapien a,2020-12-11 15:38:40,2020-10-14 18:39:39,17
118,malesuada in imperdiet et commodo vulputate justo in blandit ultrices enim lorem ipsum dolor sit amet consectetuer adipiscing,2020-11-17 04:42:46,2020-11-19 03:36:06,5
119,in consequat ut nulla sed accumsan felis ut at dolor quis odio,2020-05-09 17:29:09,2020-06-30 03:25:20,3
120,phasellus sit amet erat nulla tempus vivamus in felis eu sapien cursus vestibulum proin eu mi nulla ac,2020-03-20 16:44:53,2020-07-04 12:54:12,23
121,vitae mattis nibh ligula nec sem duis aliquam convallis nunc proin at turpis a pede posuere nonummy,2021-01-12 06:14:17,2020-07-12 02:18:40,7
122,in sagittis dui vel nisl duis ac nibh fusce lacus purus aliquet at feugiat non,2020-08-19 20:46:26,2020-07-13 01:42:00,5
123,primis in faucibus orci luctus et ultrices posuere cubilia curae duis faucibus accumsan odio curabitur,2020-12-15 05:04:10,2020-10-13 11:05:05,41
124,convallis eget eleifend luctus ultricies eu nibh quisque id justo sit amet sapien dignissim,2020-07-02 05:30:18,2020-04-20 19:56:04,12
125,praesent blandit nam nulla integer pede justo lacinia eget tincidunt eget tempus vel pede morbi,2021-03-16 04:58:35,2020-03-24 10:16:26,39
126,neque vestibulum eget vulputate ut ultrices vel augue vestibulum ante ipsum primis in faucibus orci luctus et,2020-09-13 19:08:19,2021-02-14 03:38:44,8
127,augue vestibulum ante ipsum primis in faucibus orci luctus et ultrices posuere cubilia,2020-03-30 21:27:40,2020-06-24 00:11:46,18
128,tincidunt eu felis fusce posuere felis sed lacus morbi sem mauris laoreet ut rhoncus,2020-03-25 01:46:09,2020-06-29 05:39:49,14
129,adipiscing molestie hendrerit at vulputate vitae nisl aenean lectus pellentesque eget nunc donec quis orci eget orci vehicula,2021-03-06 06:08:50,2020-10-05 06:02:48,33
130,turpis nec euismod scelerisque quam turpis adipiscing lorem vitae mattis nibh ligula,2020-06-20 16:39:25,2020-12-16 23:53:27,46
131,nisl duis ac nibh fusce lacus purus aliquet at feugiat non pretium quis lectus suspendisse,2020-07-15 15:11:25,2021-02-14 20:35:37,50
132,purus phasellus in felis donec semper sapien a libero nam dui proin leo odio porttitor id consequat,2020-05-27 05:18:52,2020-04-22 01:53:40,32
133,lectus vestibulum quam sapien varius ut blandit non interdum in ante vestibulum ante ipsum,2021-01-27 18:15:32,2020-11-18 00:46:02,2
134,justo in hac habitasse platea dictumst etiam faucibus cursus urna ut tellus nulla ut erat id mauris vulputate elementum nullam,2020-10-16 00:18:36,2020-05-17 18:17:27,25
135,in felis donec semper sapien a libero nam dui proin leo odio,2021-01-24 10:14:44,2020-12-16 09:36:11,50
136,cum sociis natoque penatibus et magnis dis parturient montes nascetur ridiculus mus vivamus,2020-11-21 20:17:29,2020-08-30 20:41:02,22
137,amet lobortis sapien sapien non mi integer ac neque duis bibendum morbi non quam nec dui luctus,2021-01-04 07:02:22,2020-06-07 00:07:09,40
138,orci pede venenatis non sodales sed tincidunt eu felis fusce,2021-02-26 21:53:58,2021-02-22 13:57:43,41
139,ante vivamus tortor duis mattis egestas metus aenean fermentum donec ut,2020-12-04 22:26:51,2020-09-26 10:45:51,41
140,amet sem fusce consequat nulla nisl nunc nisl duis bibendum felis sed interdum,2020-06-09 04:34:28,2020-07-07 01:31:26,12
141,neque aenean auctor gravida sem praesent id massa id nisl venenatis lacinia aenean sit amet justo morbi,2021-02-04 11:08:01,2020-11-12 19:22:34,8
142,aenean sit amet justo morbi ut odio cras mi pede malesuada in imperdiet,2021-03-07 23:40:38,2021-01-07 05:35:20,32
143,curae donec pharetra magna vestibulum aliquet ultrices erat tortor sollicitudin mi sit amet lobortis sapien sapien non,2020-04-16 19:38:54,2020-03-26 18:29:12,3
144,sed nisl nunc rhoncus dui vel sem sed sagittis nam congue risus semper porta volutpat quam pede lobortis,2020-03-04 01:15:37,2021-03-27 23:56:42,13
145,neque libero convallis eget eleifend luctus ultricies eu nibh quisque id,2020-03-20 01:46:01,2020-09-05 04:54:53,39
146,ut ultrices vel augue vestibulum ante ipsum primis in faucibus orci luctus et ultrices posuere,2020-07-20 11:52:03,2020-07-10 13:15:13,29
147,egestas metus aenean fermentum donec ut mauris eget massa tempor convallis nulla neque libero convallis eget,2020-10-19 22:15:06,2020-08-10 02:56:30,22
148,quam a odio in hac habitasse platea dictumst maecenas ut massa quis augue luctus tincidunt nulla,2020-08-15 03:15:38,2021-03-18 21:23:42,25
149,amet sem fusce consequat nulla nisl nunc nisl duis bibendum,2020-10-20 11:03:21,2021-01-07 01:45:30,46
150,lobortis ligula sit amet eleifend pede libero quis orci nullam molestie nibh in lectus,2020-08-22 08:07:59,2021-03-28 22:05:33,47
151,morbi a ipsum integer a nibh in quis justo maecenas rhoncus aliquam lacus morbi quis tortor id,2020-04-09 00:02:33,2020-11-18 02:19:46,21
152,lorem integer tincidunt ante vel ipsum praesent blandit lacinia erat vestibulum sed magna,2020-03-29 10:27:06,2020-08-13 15:36:12,6
153,quis augue luctus tincidunt nulla mollis molestie lorem quisque ut erat curabitur gravida nisi at nibh in hac habitasse platea,2020-09-06 14:17:05,2021-03-10 11:53:39,13
154,libero quis orci nullam molestie nibh in lectus pellentesque at nulla suspendisse potenti cras in purus eu magna,2020-06-25 13:23:26,2021-01-01 11:30:47,25
155,luctus nec molestie sed justo pellentesque viverra pede ac diam cras pellentesque volutpat,2020-08-14 22:49:20,2020-06-25 14:24:22,50
156,luctus ultricies eu nibh quisque id justo sit amet sapien,2020-12-15 20:36:32,2020-07-08 13:52:16,11
157,amet eleifend pede libero quis orci nullam molestie nibh in lectus pellentesque at,2020-02-24 01:43:05,2021-02-21 23:20:12,6
158,pulvinar nulla pede ullamcorper augue a suscipit nulla elit ac nulla sed vel enim sit amet,2020-06-10 22:53:03,2020-08-20 02:09:25,38
159,nulla eget eros elementum pellentesque quisque porta volutpat erat quisque erat eros,2020-11-01 15:30:25,2021-03-17 00:35:19,17
160,phasellus in felis donec semper sapien a libero nam dui proin leo odio porttitor id consequat in consequat,2020-03-18 02:54:59,2020-07-20 11:25:09,4
161,duis mattis egestas metus aenean fermentum donec ut mauris eget massa tempor convallis nulla neque libero convallis eget,2020-12-18 09:48:49,2021-03-18 09:29:54,6
162,amet diam in magna bibendum imperdiet nullam orci pede venenatis non sodales sed tincidunt eu felis fusce,2020-07-12 01:51:44,2020-08-19 10:27:36,37
163,nibh in quis justo maecenas rhoncus aliquam lacus morbi quis tortor id nulla ultrices aliquet maecenas leo odio,2020-08-21 17:43:32,2021-03-25 15:28:03,41
164,in libero ut massa volutpat convallis morbi odio odio elementum,2020-02-29 00:09:31,2020-08-24 07:42:19,1
165,nulla justo aliquam quis turpis eget elit sodales scelerisque mauris sit amet eros suspendisse accumsan tortor,2020-05-03 07:09:13,2021-03-25 18:58:24,5
166,cum sociis natoque penatibus et magnis dis parturient montes nascetur ridiculus mus etiam vel,2020-07-27 21:20:48,2021-03-09 11:31:15,3
167,justo in hac habitasse platea dictumst etiam faucibus cursus urna ut tellus nulla ut,2020-12-20 03:55:43,2020-04-02 03:00:45,39
168,diam in magna bibendum imperdiet nullam orci pede venenatis non sodales sed tincidunt eu,2020-10-25 11:29:22,2020-09-25 11:24:55,4
169,quis turpis eget elit sodales scelerisque mauris sit amet eros suspendisse accumsan tortor quis turpis,2020-10-08 23:50:48,2020-10-29 23:00:19,9
170,a suscipit nulla elit ac nulla sed vel enim sit amet,2021-02-28 13:59:00,2021-01-22 21:48:11,19
171,venenatis tristique fusce congue diam id ornare imperdiet sapien urna pretium,2021-03-13 02:16:09,2020-08-18 21:17:00,3
172,sed tristique in tempus sit amet sem fusce consequat nulla nisl nunc nisl duis bibendum felis,2020-06-05 13:09:23,2020-10-28 08:23:08,25
173,ultrices phasellus id sapien in sapien iaculis congue vivamus metus arcu adipiscing molestie hendrerit at vulputate vitae nisl aenean,2020-10-14 08:01:23,2021-02-02 16:18:48,25
174,nibh in hac habitasse platea dictumst aliquam augue quam sollicitudin vitae,2020-11-04 08:29:39,2020-03-28 19:20:20,21
175,non mauris morbi non lectus aliquam sit amet diam in magna bibendum imperdiet nullam orci pede venenatis non sodales sed,2020-05-16 15:08:50,2021-02-09 09:46:09,34
176,nulla eget eros elementum pellentesque quisque porta volutpat erat quisque,2021-03-08 09:19:37,2020-07-21 00:09:50,18
177,mauris morbi non lectus aliquam sit amet diam in magna bibendum imperdiet,2020-10-12 13:04:10,2020-12-17 07:30:28,33
178,et magnis dis parturient montes nascetur ridiculus mus vivamus vestibulum,2020-12-19 12:44:51,2020-05-18 06:20:57,8
179,nulla integer pede justo lacinia eget tincidunt eget tempus vel pede morbi porttitor lorem id ligula,2020-05-06 14:06:32,2021-01-29 11:16:55,7
180,lacus purus aliquet at feugiat non pretium quis lectus suspendisse,2021-01-26 01:25:54,2020-06-06 07:01:27,28
181,vivamus tortor duis mattis egestas metus aenean fermentum donec ut mauris eget massa tempor convallis nulla neque libero convallis,2020-09-06 18:50:05,2020-05-18 05:51:46,7
182,nullam varius nulla facilisi cras non velit nec nisi vulputate nonummy maecenas tincidunt lacus at velit vivamus,2021-01-31 10:41:02,2020-05-28 00:28:48,15
183,dapibus dolor vel est donec odio justo sollicitudin ut suscipit a feugiat et eros,2020-04-15 18:18:01,2020-11-03 05:00:41,16
184,sed justo pellentesque viverra pede ac diam cras pellentesque volutpat dui maecenas tristique est et tempus semper est,2020-08-15 11:24:17,2020-12-13 18:16:32,42
185,id turpis integer aliquet massa id lobortis convallis tortor risus dapibus augue,2020-08-05 08:24:16,2020-05-04 08:36:00,13
186,orci pede venenatis non sodales sed tincidunt eu felis fusce posuere felis sed lacus,2020-11-12 14:39:02,2020-06-28 18:24:23,43
187,etiam pretium iaculis justo in hac habitasse platea dictumst etiam faucibus cursus urna ut tellus nulla ut erat id,2020-03-14 13:21:51,2020-05-13 08:27:40,32
188,luctus et ultrices posuere cubilia curae donec pharetra magna vestibulum aliquet ultrices,2020-03-17 07:39:46,2020-06-04 05:32:03,19
189,eros suspendisse accumsan tortor quis turpis sed ante vivamus tortor duis mattis egestas metus aenean fermentum donec,2020-12-22 19:03:19,2020-07-10 06:23:45,47
190,ultrices posuere cubilia curae mauris viverra diam vitae quam suspendisse potenti,2020-08-30 02:31:09,2021-02-22 00:38:20,30
191,sem duis aliquam convallis nunc proin at turpis a pede posuere nonummy integer non velit,2020-07-08 05:00:42,2020-07-15 03:17:03,3
192,venenatis tristique fusce congue diam id ornare imperdiet sapien urna pretium,2021-02-07 06:28:31,2020-09-24 07:44:22,27
193,sit amet turpis elementum ligula vehicula consequat morbi a ipsum integer a nibh in quis,2020-07-30 21:27:52,2021-01-16 22:36:43,32
194,posuere cubilia curae duis faucibus accumsan odio curabitur convallis duis consequat dui nec nisi volutpat eleifend donec ut,2021-02-15 22:36:49,2020-12-24 10:09:25,13
195,eget semper rutrum nulla nunc purus phasellus in felis donec semper sapien a libero nam dui proin leo odio porttitor,2020-03-01 19:24:19,2020-11-01 16:51:22,15
196,consectetuer adipiscing elit proin risus praesent lectus vestibulum quam sapien varius ut blandit non interdum in ante vestibulum ante,2020-03-01 05:42:59,2020-11-05 11:00:16,12
197,nulla nisl nunc nisl duis bibendum felis sed interdum venenatis turpis enim blandit,2020-05-31 16:43:00,2020-05-22 03:11:10,43
198,tristique est et tempus semper est quam pharetra magna ac consequat,2020-09-30 13:47:51,2021-02-18 03:55:17,2
199,nunc purus phasellus in felis donec semper sapien a libero nam dui proin leo odio porttitor id consequat in consequat,2020-05-25 14:38:48,2020-10-03 19:06:20,19
200,amet nulla quisque arcu libero rutrum ac lobortis vel dapibus at diam,2020-06-19 15:11:59,2020-04-01 18:34:31,48
