id,type,content,date,user_id
1,A,ante ipsum primis in faucibus orci luctus et ultrices posuere cubilia curae mauris viverra diam vitae quam,2021-01-14 05:17:18,42
2,A,integer pede justo lacinia eget tincidunt eget tempus vel pede morbi porttitor lorem id ligula suspendisse ornare,2021-01-01 05:39:51,27
3,A,orci luctus et ultrices posuere cubilia curae donec pharetra magna vestibulum aliquet ultrices erat tortor sollicitudin mi,2021-03-03 23:07:12,42
4,C,porta volutpat quam pede lobortis ligula sit amet eleifend pede libero quis orci nullam molestie nibh in lectus,2021-01-03 21:56:08,45
5,C,neque sapien placerat ante nulla justo aliquam quis turpis eget elit sodales scelerisque mauris sit amet eros,2021-03-15 15:44:39,31
6,A,ac tellus semper interdum mauris ullamcorper purus sit amet nulla quisque arcu libero rutrum ac lobortis,2021-03-09 19:45:43,18
7,C,nam ultrices libero non mattis pulvinar nulla pede ullamcorper augue a suscipit nulla,2021-02-15 16:33:51,42
8,A,cursus urna ut tellus nulla ut erat id mauris vulputate elementum,2021-02-12 03:28:04,34
9,B,in purus eu magna vulputate luctus cum sociis natoque penatibus et magnis dis parturient montes nascetur,2021-03-29 03:51:40,46
10,C,odio elementum eu interdum eu tincidunt in leo maecenas pulvinar lobortis est phasellus sit amet erat nulla,2021-02-10 02:22:10,19
11,C,lectus pellentesque at nulla suspendisse potenti cras in purus eu magna vulputate luctus cum,2021-01-11 21:30:36,24
12,C,a libero nam dui proin leo odio porttitor id consequat in consequat ut nulla sed accumsan felis ut,2021-03-05 15:19:59,6
13,C,eros suspendisse accumsan tortor quis turpis sed ante vivamus tortor duis,2021-02-17 17:54:29,4
14,A,elit sodales scelerisque mauris sit amet eros suspendisse accumsan tortor quis turpis sed ante,2021-02-15 05:22:38,5
15,A,nisl venenatis lacinia aenean sit amet justo morbi ut odio cras mi pede malesuada in imperdiet et commodo,2021-01-23 15:21:43,35
16,B,augue luctus tincidunt nulla mollis molestie lorem quisque ut erat curabitur gravida nisi at nibh in hac,2021-01-04 18:06:55,11
17,B,mus etiam vel augue vestibulum rutrum rutrum neque aenean auctor,2021-01-07 09:39:30,22
18,B,ac tellus semper interdum mauris ullamcorper purus sit amet nulla quisque arcu libero rutrum ac,2021-03-14 05:58:47,24
19,A,at nunc commodo placerat praesent blandit nam nulla integer pede justo lacinia eget tincidunt eget,2021-02-01 22:08:48,22
20,B,eu felis fusce posuere felis sed lacus morbi sem mauris laoreet,2021-01-06 14:51:08,29
21,C,feugiat non pretium quis lectus suspendisse potenti in eleifend quam a odio in hac habitasse platea dictumst maecenas ut,2021-01-28 00:30:30,49
22,A,mauris ullamcorper purus sit amet nulla quisque arcu libero rutrum ac,2021-02-06 15:48:56,47
23,A,turpis elementum ligula vehicula consequat morbi a ipsum integer a nibh in,2021-01-19 16:43:34,46
24,C,cubilia curae donec pharetra magna vestibulum aliquet ultrices erat tortor sollicitudin,2021-02-15 04:43:16,40
25,B,habitasse platea dictumst morbi vestibulum velit id pretium iaculis diam erat fermentum justo nec condimentum neque,2021-01-16 17:58:46,14
26,B,odio porttitor id consequat in consequat ut nulla sed accumsan felis,2021-01-18 23:47:39,1
27,B,consequat ut nulla sed accumsan felis ut at dolor quis,2021-01-12 08:53:58,43
28,B,nulla tempus vivamus in felis eu sapien cursus vestibulum proin eu mi nulla ac enim in,2021-03-29 11:27:10,13
29,C,interdum eu tincidunt in leo maecenas pulvinar lobortis est phasellus sit,2021-01-09 20:38:21,47
30,C,fermentum justo nec condimentum neque sapien placerat ante nulla justo aliquam quis turpis eget elit sodales scelerisque,2021-02-10 19:52:17,19
