content_id,title,votes_difference
1,diam nam tristique tortor eu pede,28
2,volutpat dui maecenas tristique est et tempus semper est,13
3,vulputate elementum nullam varius nulla,6
4,rhoncus aliquet pulvinar sed nisl,1
5,sagittis sapien cum sociis natoque,-8
6,morbi odio odio elementum eu interdum eu tincidunt in leo,11
7,imperdiet nullam orci,32
8,a libero nam dui,24
9,in libero ut massa volutpat,38
10,ridiculus mus vivamus vestibulum sagittis sapien cum sociis natoque penatibus,29
11,molestie lorem quisque ut erat curabitur gravida nisi at,-3
12,tincidunt eu felis fusce posuere,16
13,sapien arcu sed augue aliquam erat volutpat in,-8
14,ipsum primis in faucibus orci luctus et ultrices posuere,19
15,in congue etiam justo etiam pretium iaculis justo in,21
16,libero rutrum ac lobortis,31
17,etiam pretium iaculis justo in hac habitasse platea dictumst etiam,40
18,sed tristique in tempus sit amet sem fusce,-2
19,amet consectetuer adipiscing elit proin interdum,4
20,sapien cursus vestibulum proin eu,38
21,pellentesque viverra pede ac diam cras pellentesque,9
22,rhoncus aliquam lacus morbi quis tortor id,-10
23,curae nulla dapibus dolor,13
24,magna at nunc commodo placerat praesent blandit,-9
25,rutrum neque aenean,2
26,diam cras pellentesque volutpat dui maecenas tristique,-4
27,feugiat et eros,6
28,massa tempor convallis nulla neque libero convallis eget eleifend luctus,-8
29,bibendum felis sed interdum venenatis turpis enim blandit mi,29
30,aliquam lacus morbi quis tortor id nulla ultrices aliquet,20
31,volutpat in congue etiam justo etiam,19
32,tortor quis turpis,36
33,nullam porttitor lacus,24
34,orci luctus et ultrices posuere cubilia curae,-5
35,nulla pede ullamcorper augue a suscipit nulla elit ac nulla,5
36,tristique in tempus sit amet,-10
37,convallis nunc proin at turpis a pede posuere,-2
38,imperdiet et commodo vulputate justo in blandit ultrices enim,26
39,quis lectus suspendisse,33
40,interdum venenatis turpis enim blandit,38
41,velit vivamus vel nulla eget eros elementum pellentesque quisque,15
42,eleifend luctus ultricies eu nibh quisque id,-3
43,ipsum primis in faucibus orci luctus,30
44,convallis morbi odio odio elementum eu interdum eu,17
45,at turpis a pede posuere nonummy integer non,27
46,pellentesque viverra pede ac diam,-8
47,nec nisi vulputate nonummy maecenas,16
48,libero ut massa volutpat convallis morbi odio odio,13
49,lectus vestibulum quam sapien varius ut blandit non interdum in,8
50,ipsum primis in faucibus orci luctus et,17
