id,path
1,path/to/photo
2,path/to/photo
3,path/to/photo
4,path/to/photo
5,path/to/photo
6,path/to/photo
7,path/to/photo
8,path/to/photo
9,path/to/photo
10,path/to/photo
11,path/to/photo
12,path/to/photo
13,path/to/photo
14,path/to/photo
15,path/to/photo
16,path/to/photo
17,path/to/photo
18,path/to/photo
19,path/to/photo
20,path/to/photo
21,path/to/photo
22,path/to/photo
23,path/to/photo
24,path/to/photo
25,path/to/photo
26,path/to/photo
27,path/to/photo
28,path/to/photo
29,path/to/photo
30,path/to/photo
31,path/to/photo
32,path/to/photo
33,path/to/photo
34,path/to/photo
35,path/to/photo
36,path/to/photo
37,path/to/photo
38,path/to/photo
39,path/to/photo
40,path/to/photo
41,path/to/photo
42,path/to/photo
43,path/to/photo
44,path/to/photo
45,path/to/photo
46,path/to/photo
47,path/to/photo
48,path/to/photo
49,path/to/photo
50,path/to/photo